{
"previous_trajectory": [
[
707.0,
312.0,
6.657804685443537
],
[
739.0,
205.0,
7.402829268292682
],
[
761.0,
129.0,
7.7122601956549355
],
[
783.0,
70.0,
8.882788492493196
],
[
801.0,
27.0,
9.197454545454544
],
[
820.0,
8.0,
9.484874999999999
],
[
833.0,
8.0,
13.190039546303941
],
[
847.0,
0.0,
13.289955337595234
],
[
854.0,
5.0,
11.568684250647962
],
[
862.0,
24.0,
10.839857142857142
],
[
867.0,
18.0,
10.839857142857142
],
[
871.0,
51.0,
14.453142857142856
],
[
880.0,
85.0,
13.796181818181816
],
[
884.0,
129.0,
15.974526315789472
],
[
889.0,
177.0,
15.175799999999999
],
[
895.0,
229.0,
17.853882352941174
],
[
898.0,
288.0,
16.862
],
[
900.0,
233.0,
16.862
],
[
902.0,
354.0,
17.853882352941174
],
[
904.0,
418.0,
17.853882352941174
],
[
906.0,
488.0,
18.969749999999998
],
[
906.0,
562.0,
18.969749999999998
],
[
911.0,
641.0,
21.679714285714283
],
[
909.0,
715.0,
20.234399999999997
],
[
909.0,
798.0,
20.234399999999997
],
[
914.0,
840.0,
20.234399999999997
],
[
929.0,
775.0,
21.679714285714283
],
[
942.0,
717.0,
20.234399999999997
],
[
955.0,
664.0,
21.679714285714283
],
[
969.0,
633.0,
21.679714285714283
],
[
976.0,
656.0,
20.414043583535108
],
[
977.0,
679.0,
21.679714285714283
],
[
979.0,
707.0,
20.234399999999997
],
[
982.0,
743.0,
16.862
],
[
976.0,
797.0,
11.673692307692306
],
[
973.0,
784.0,
13.050522423356407
],
[
969.0,
768.0,
18.097668594597813
],
[
965.0,
761.0,
23.347384615384613
],
[
958.0,
753.0,
20.234399999999997
],
[
959.0,
758.0,
17.853882352941174
],
[
955.0,
757.0,
22.786486486486485
],
[
954.0,
768.0,
18.969749999999998
]
],
"predicted_trajectory": [
[
954.0,
768.0,
18.969749999999998
],
[
951.852233866159,
767.5125,
19.014279315957502
],
[
950.4057673369234,
767.05,
18.03199961677119
],
[
949.651285484037,
766.6125,
16.022910902441065
],
[
949.5738848727196,
766.2,
12.987013172967124
],
[
950.1539709848079,
765.8125,
8.924306428349373
],
[
951.3684469031607,
765.45,
3.8347906685878037
],
[
953.1921296219839,
765.1125,
-2.281534106317583
],
[
955.5993177648664,
764.8,
-9.424667896366785
],
[
958.5654257355808,
764.5125,
-17.594610701559798
],
[
962.0685948536513,
764.25,
-26.791362521896627 
]
],
"bounce_point": null,
"stump_impact_location": null,
"leg_impact_location": [
949.790788742333,
766.6933934970019,
16.394390243902443
],
"will_hit_stumps": false,
"will_hit_leg": true,
"swing_characteristics": {
"swing_amount": 7.880326442017804,
"swing_direction": -1.0,
"lateral_deviation": -7.880326442017804,
"swing_type": "early",
"seam_position": "seam up"
},
"collision": {
"collision": true,
"confidence": "high",
"spatial_detection": {
"collision": true,
"distance": 10.23,
"collision_point": [
695.5,
619.5,
10.0
],
"bat_obb": {
"center": [
710.0,
620.0,
5.0
],
"basis": [
[
1.0,
0.0,
0.0
],
[
0.0,
1.0,
0.0
],
[
0.0,
0.0,
1.0
]
],
"half_size": [
10.0,
20.0,
0.0
]
},
"confidence": "high",
"method": "spatial",
"details": "Ball intersects bat by 3.77 units"
},
"audio_detection": {
"collision": false,
"confidence": "none",
"method": "none"
},
"method": "spatial",
"details": "Collision detected by spatial analysis only",
"bat_obb": {
"center": [
710.0,
620.0,
5.0
],
"basis": [
[
1.0,
0.0,
0.0
],
[
0.0,
1.0,
0.0
],
[
0.0,
0.0,
1.0
]
],
"half_size": [
10.0,
20.0,
0.0
]
}
}
}